1,"Juan Torres","support","Wichita"
2,"Louise Lewis","support","Cleveland"
3,"Evelyn Alexander","salesperson","Chicago"
4,"Ann Barnes","accounting","Dallas"
5,"Aaron Ramirez","accounting","Minneapolis"
6,"Toby Lucas","dba","Wichita"
7,"John Conner","salesperson","Raleigh"
8,"Leo Gutierrez","salesperson","Cleveland"
9,"Diana Campbell","hr","Dallas"
10,"Ryan Fletcher","salesperson","Dallas"
11,"Robert Todd","programmer","Minneapolis"
12,"Michael Simmons","support","Wichita"
13,"Janet Edwards","support","Memphis"
14,"Kimberly Hall","support","Chicago"
15,"Denise Martin","hr","Dallas"
16,"Susan Charles","dba","Nauvoo"
17,"Dixie Hanson","cto","Dallas"
18,"Doris Wilson","salesperson","Chicago"
19,"Tina Jefferson","salesperson","Cleveland"
20,"Vernon Pittman","salesperson","Dallas"
21,"Ellen Lucas","programmer","Minneapolis"
22,"Jesse Mitchell","hr","Minneapolis"
23,"Robert Long","support","Wichita"
24,"Jeffrey Richardson","accounting","Minneapolis"
25,"Lillian Jones","dba","Minneapolis"
26,"Norma Harris","support","Wichita"
27,"Donald Carter","salesperson","Chicago"
28,"Marc Greene","programmer","Raleigh"
29,"Winifred Walsh","salesperson","Minneapolis"
30,"David Fuller","dba","Minneapolis"
31,"Julius Ramos","salesperson","Cleveland"
32,"Josefina Fernandez","salesperson","Wichita"
33,"Frances Griffin","salesperson","Chicago"
34,"Bobby French","salesperson","Minneapolis"
35,"Peter Nguyen","cfo","Minneapolis"
36,"Mary Howard","programmer","Dallas"
37,"Timothy Bennett","support","Minneapolis"
38,"Dorothy Anderson","salesperson","Nauvoo"
39,"Miquel Fishman","dba","Chicago"
40,"Joyce Beck","salesperson","Memphis"
41,"Terrance Reese","salesperson","Minneapolis"
42,"Marian Patrick","salesperson","Minneapolis"
43,"Cynthia Bryant","support","Wichita"
44,"Randal Hogan","salesperson","Raleigh"
45,"Keith Fahy","programmer","Dallas"
46,"Spencer Morgan","programmer","Minneapolis"
47,"Joann Smith","salesperson","Memphis"
48,"Roxana Bissell","dba","Chicago"
49,"Kent Jones","salesperson","Dallas"
50,"Elizabeth Evans","accounting","Dallas"
51,"Ruby Russell","support","Chicago"
52,"Julio Holloway","cmo","Minneapolis"
53,"Jennifer Moore","salesperson","Wichita"
54,"Justin Neace","programmer","Minneapolis"
55,"Paula Harrington","manager","Chicago"
56,"Raquel Greene","salesperson","Dallas"
57,"Beverly Davis","support","Minneapolis"
58,"Javier Foster","programmer","Wichita"
59,"Gary Selfridge","programmer","Dallas"
60,"Amy Miller","support","Chicago"
61,"Patti Harper","salesperson","Wichita"
62,"Matt Wright","manager","Minneapolis"
63,"Tammy Castro","salesperson","Memphis"
64,"Carol Rivera","salesperson","Chicago"
65,"Elva Garcia","dba","Memphis"
66,"Kathryn Barnes","salesperson","Dallas"
67,"Rosemary Bowers","manager","Cleveland"
68,"Edmund Hines","manager","Raleigh"
69,"Luis Vaughn","salesperson","Dallas"
70,"Eugene Tiggs","dba","Chicago"
71,"Cecil Adkins","salesperson","Minneapolis"
72,"Dave Santos","ceo","Minneapolis"
73,"Mark Hamilton","dba","Raleigh"
74,"Deanna Hayes","salesperson","Wichita"
75,"Timmy Henderson","salesperson","Raleigh"
76,"Richard Delgado","manager","Memphis"
77,"Nancy Porter","dba","Raleigh"
78,"Louis Santiago","salesperson","Wichita"
79,"Rafael Sandoval","salesperson","Dallas"
80,"Judy Thomas","support","Wichita"
81,"Eugene Bailey","hr","Minneapolis"
82,"Rosie Austin","manager","Wichita"
83,"Mary Lopez","support","Wichita"
84,"Julie Patterson","support","Minneapolis"
85,"Anne Hernandez","hr","Minneapolis"
86,"Marilyn Phillips","accounting","Dallas"
87,"Harry Gonzales","hr","Minneapolis"
88,"Emily Murphy","hr","Dallas"
89,"Tyler Copeland","salesperson","Raleigh"
90,"Nathan Graves","vp","Minneapolis"
91,"Jacqueline Reed","vp","Dallas"
92,"Jacqueline Jenkins","accounting","Minneapolis"
93,"Mary Baldwin","dba","Minneapolis"
94,"Brian Robinson","accounting","Minneapolis"
95,"Virginia Butler","salesperson","Chicago"
96,"Mary Walker","programmer","Raleigh"
97,"Louise Martin","programmer","Nauvoo"
98,"Claude Powell","salesperson","Dallas"
99,"Douglas Williams","dba","Memphis"
100,"Freida Duchesne","programmer","Raleigh"
101,"Teresa Foster","support","Chicago"
102,"Ada Turner","manager","Dallas"
103,"Emily Wilkerson","salesperson","Minneapolis"
104,"Steve Woods","salesperson","Raleigh"
105,"Alonzo Page","salesperson","Cleveland"
106,"Bradley Black","salesperson","Raleigh"
107,"Joseph Dixon","programmer","Dallas"
108,"Dwight Marin","programmer","Dallas"
109,"Ruby Boyd","salesperson","Minneapolis"
110,"Anthony Williams","support","Wichita"
111,"Richard Morris","support","Wichita"
112,"Debra Leung","programmer","Wichita"
113,"Eileen Morrow","dba","Cleveland"
114,"Veronica Boone","salesperson","Raleigh"
115,"Carol Monreal","dba","Cleveland"
116,"Christian Reeves","salesperson","Raleigh"
117,"Russell Rios","salesperson","Wichita"
118,"Deborah Peterson","salesperson","Chicago"
119,"Amos Miles","salesperson","Raleigh"
120,"Cheryl Ward","hr","Dallas"
121,"Christina Terry","salesperson","Wichita"
122,"Sammie Cobb","dba","Chicago"
123,"Josh Garza","programmer","Minneapolis"
124,"Barry Marsh","programmer","Wichita"
125,"Ivan Rangel","programmer","Wichita"
126,"Santiago Mclaughlin","salesperson","Dallas"
127,"Jennifer Brooks","hr","Minneapolis"
128,"Stephanie Dawson","salesperson","Wichita"
129,"Sandra Fleming","salesperson","Minneapolis"
130,"Douglas Cooper","hr","Minneapolis"
131,"Rene Gibbs","salesperson","Dallas"
132,"Alan Carroll","salesperson","Minneapolis"
133,"Laura Baker","accounting","Minneapolis"
134,"Lucy Bennett","programmer","Dallas"
135,"Pauline Neal","dba","Raleigh"
136,"Jack Green","salesperson","Chicago"
137,"Adrian Neal","salesperson","Dallas"
138,"Jason Wright","salesperson","Chicago"
139,"Kathy Garcia","salesperson","Chicago"
140,"Keith Hill","hr","Minneapolis"
141,"Mildred Welch","manager","Nauvoo"
